date 	 , opening_price 	 , highest_price 	, closing_price 	 , lowest_price 	 , volume(shares) 	 ,  transaction_amount(RMB) 
2014-03-31,6.740,6.770,6.680,6.630,15950347,106669848
2014-03-28,6.700,6.770,6.680,6.620,22589564,151646928
2014-03-27,6.630,6.740,6.700,6.600,18323024,122074488
2014-03-26,6.690,6.730,6.630,6.630,14352760,95685600
2014-03-25,6.620,6.740,6.710,6.560,26631300,177468400
2014-03-24,6.590,6.690,6.650,6.530,27722718,183004144
2014-03-21,6.420,6.590,6.580,6.370,37800504,245020880
2014-03-20,6.350,6.550,6.380,6.350,46015616,297098464
2014-03-19,6.360,6.380,6.340,6.290,20404452,128859776
2014-03-18,6.400,6.430,6.390,6.350,36790456,235119104
2014-03-17,6.320,6.500,6.380,6.300,35158584,225225904
2014-03-14,6.400,6.410,6.290,6.270,35854656,227348032
2014-03-13,6.430,6.500,6.430,6.390,31138596,200573360
2014-03-12,6.430,6.440,6.420,6.340,23138476,147991952
2014-03-11,6.500,6.530,6.440,6.390,31564806,203653856
2014-03-10,6.700,6.700,6.530,6.520,23329740,154003264
2014-03-07,6.730,6.750,6.720,6.670,18329242,123101912
2014-03-06,6.740,6.750,6.740,6.650,32808212,219532880
2014-03-05,6.820,6.840,6.740,6.730,24597032,166713056
2014-03-04,6.800,6.860,6.810,6.760,26513322,180295408
2014-03-03,6.800,6.940,6.830,6.720,31940036,217179328
2014-02-28,7.000,7.010,6.800,6.750,44696940,306549312
2014-02-27,7.020,7.040,7.010,6.940,52184212,364468704
2014-02-26,7.040,7.090,7.050,7.000,35377508,249694304
2014-02-25,7.050,7.090,7.070,7.010,35761952,252074784
2014-02-24,7.110,7.110,7.050,6.970,39527156,277752960
2014-02-21,7.370,7.390,7.170,7.130,51979768,375482048
2014-02-20,7.410,7.500,7.360,7.350,47947380,354985728
2014-02-19,7.450,7.520,7.410,7.350,50263120,372288320
2014-02-18,7.550,7.550,7.440,7.400,63739252,475951264
2014-02-17,8.050,8.060,7.570,7.410,183517872,1400401280
2014-02-14,7.520,7.930,7.770,7.500,81860144,634799936
2014-02-13,7.380,7.620,7.460,7.360,39524408,296826560
2014-02-12,7.450,7.450,7.380,7.340,22019564,162693632
2014-02-11,7.340,7.380,7.380,7.270,34588116,253348528
2014-02-10,7.320,7.440,7.340,7.290,36708832,269763520
2014-02-07,7.210,7.310,7.300,7.170,19800724,143395344
2014-01-30,7.180,7.330,7.260,7.160,13925398,101038104
2014-01-29,7.170,7.220,7.190,7.110,13827434,99178160
2014-01-28,7.180,7.250,7.180,7.130,20139014,144661840
2014-01-27,7.310,7.340,7.200,7.110,31169618,225292224
2014-01-24,7.410,7.500,7.360,7.320,46297152,342425856
2014-01-23,7.250,7.340,7.260,7.110,26036036,187517168
2014-01-22,7.090,7.350,7.230,7.080,28848880,208902304
2014-01-21,7.040,7.170,7.100,7.000,11193080,79334584
2014-01-20,7.040,7.050,7.040,6.950,11884172,83218720
2014-01-17,7.050,7.150,7.040,6.950,23134042,162856912
2014-01-16,7.200,7.200,7.120,7.020,18080188,128155968
2014-01-15,7.040,7.200,7.190,6.920,21980144,154937392
2014-01-14,7.160,7.170,7.060,6.900,27510908,192482720
2014-01-13,7.270,7.280,7.170,7.060,17579796,125449568
2014-01-10,7.210,7.280,7.240,7.140,15705697,113040488
2014-01-09,7.290,7.350,7.250,7.100,26780140,194555968
2014-01-08,7.280,7.460,7.290,7.140,25454944,186247840
2014-01-07,7.360,7.450,7.280,7.130,30308300,220523168
2014-01-06,7.620,7.650,7.450,7.320,34541276,257039040
2014-01-03,7.350,7.810,7.690,7.340,40392872,305272352
2014-01-02,7.380,7.480,7.450,7.300,20259392,150185760
2014-06-30,6.260,6.340,6.310,6.260,16658940,105152136
2014-06-27,6.250,6.280,6.240,6.240,18614176,116391896
2014-06-26,6.290,6.310,6.260,6.250,23446092,147111008
2014-06-25,6.390,6.390,6.270,6.240,24944244,156650304
2014-06-24,6.340,6.400,6.380,6.340,23889084,152263104
2014-06-23,6.490,6.490,6.330,6.310,33067272,211105760
2014-06-20,6.890,6.910,6.860,6.830,22932596,157499616
2014-06-19,6.930,6.960,6.880,6.830,23693108,162726368
2014-06-18,6.950,6.950,6.940,6.900,18131972,125638952
2014-06-17,6.980,6.980,6.940,6.920,18310568,127150240
2014-06-16,6.810,7.030,7.000,6.800,49552256,343807680
2014-06-13,6.710,6.810,6.800,6.710,21608718,146241184
2014-06-12,6.750,6.760,6.730,6.700,17222416,115876888
2014-06-11,6.730,6.770,6.760,6.700,16355655,110112664
2014-06-10,6.700,6.760,6.750,6.660,19126744,128437920
2014-06-09,6.670,6.720,6.680,6.670,11193142,74833328
2014-06-06,6.730,6.740,6.680,6.680,14777724,98981392
2014-06-05,6.680,6.740,6.740,6.650,14845096,99545592
2014-06-04,6.720,6.720,6.700,6.660,12303446,82192736
2014-06-03,6.720,6.740,6.700,6.670,13493296,90438520
2014-05-30,6.700,6.730,6.710,6.660,11669103,78176968
2014-05-29,6.720,6.730,6.700,6.670,14683296,98352856
2014-05-28,6.670,6.730,6.710,6.640,15440781,103211656
2014-05-27,6.700,6.710,6.680,6.640,17042624,113707696
2014-05-26,6.730,6.760,6.720,6.690,10664027,71629616
2014-05-23,6.740,6.740,6.710,6.640,17551232,117198936
2014-05-22,6.720,6.790,6.710,6.690,12584684,84810592
2014-05-21,6.610,6.720,6.710,6.610,14490442,96725656
2014-05-20,6.680,6.730,6.640,6.600,14027243,93438264
2014-05-19,6.740,6.740,6.660,6.630,10340702,68979416
2014-05-16,6.750,6.760,6.740,6.700,12732303,85727992
2014-05-15,6.740,6.760,6.730,6.720,12718565,85735824
2014-05-14,6.750,6.790,6.750,6.730,10670933,72081472
2014-05-13,6.810,6.810,6.750,6.720,15981135,108151152
2014-05-12,6.760,6.830,6.810,6.700,23161400,157153520
2014-05-09,6.710,6.730,6.700,6.670,11907764,79770800
2014-05-08,6.680,6.760,6.690,6.670,14076580,94529248
2014-05-07,6.650,6.740,6.680,6.610,20624514,137901840
2014-05-06,6.630,6.690,6.640,6.600,17568972,116834656
2014-05-05,6.660,6.710,6.630,6.550,27902002,184695696
2014-04-30,6.630,6.680,6.660,6.620,11327991,75380528
2014-04-29,6.650,6.690,6.630,6.560,20745256,137427872
2014-04-28,6.710,6.730,6.650,6.580,20142990,134085176
2014-04-25,6.710,6.760,6.690,6.610,29184172,194855552
2014-04-24,6.790,6.800,6.730,6.690,14482160,97543456
2014-04-23,6.730,6.850,6.790,6.690,21502312,145046688
2014-04-22,6.730,6.750,6.730,6.700,15060401,101253216
2014-04-21,6.780,6.830,6.730,6.720,13281816,90093000
2014-04-18,6.810,6.860,6.830,6.790,14352374,97870064
2014-04-17,6.860,6.910,6.840,6.810,22134322,152011104
2014-04-16,6.930,6.970,6.880,6.780,42618304,292126336
2014-04-15,7.010,7.030,6.940,6.940,28823376,201419824
2014-04-14,7.100,7.120,7.060,6.990,31424548,221058944
2014-04-11,6.850,7.150,7.090,6.830,80797184,568642752
2014-04-10,6.720,6.980,6.880,6.670,65178200,445436672
2014-04-09,6.680,6.720,6.700,6.650,38209704,255822752
2014-04-08,6.630,6.740,6.650,6.630,57098472,381450208
2014-04-04,6.570,6.680,6.650,6.520,20814472,137587552
2014-04-03,6.860,6.890,6.570,6.530,55067220,368800000
2014-04-02,6.840,6.910,6.750,6.730,32765086,223542496
2014-04-01,6.670,6.750,6.700,6.660,16248295,108962616
2014-09-30,7.800,7.810,7.780,7.730,26077460,202951968
2014-09-29,7.740,7.850,7.800,7.740,33848192,264108832
2014-09-26,7.820,7.840,7.780,7.700,30460072,235646640
2014-09-25,7.810,7.920,7.840,7.710,52311528,410001824
2014-09-24,7.640,7.850,7.780,7.570,50465608,389295968
2014-09-23,7.540,7.690,7.680,7.530,25981492,197507248
2014-09-22,7.700,7.700,7.550,7.510,32739848,248868608
2014-09-19,7.720,7.760,7.730,7.640,28806892,221608000
2014-09-18,7.650,7.790,7.780,7.610,35498936,272878752
2014-09-17,7.720,7.720,7.660,7.600,32047212,245928240
2014-09-16,7.840,7.880,7.660,7.590,46142368,355703936
2014-09-15,7.780,7.870,7.840,7.720,30381288,237231344
2014-09-12,7.680,7.790,7.780,7.660,32621602,252034224
2014-09-11,7.810,7.860,7.710,7.680,47811880,371600384
2014-09-10,7.900,7.930,7.820,7.790,47032504,368401280
2014-09-09,8.050,8.050,7.950,7.900,40387824,321638592
2014-09-05,7.880,8.050,8.020,7.840,55704216,444615456
2014-09-04,7.670,8.000,7.860,7.660,75703512,594120000
2014-09-03,7.460,7.750,7.690,7.450,68753824,524408160
2014-09-02,7.400,7.470,7.470,7.340,40414452,298802240
2014-09-01,7.400,7.450,7.390,7.330,27504916,202876928
2014-08-29,7.300,7.420,7.400,7.280,23098676,170102832
2014-08-28,7.250,7.420,7.290,7.240,38022872,279051264
2014-08-27,7.270,7.300,7.260,7.220,16510554,119741400
2014-08-26,7.250,7.400,7.260,7.230,30655528,223323344
2014-08-25,7.280,7.300,7.250,7.190,24976204,181126720
2014-08-22,7.240,7.290,7.270,7.210,14761886,106931616
2014-08-21,7.270,7.290,7.230,7.190,21022760,151873424
2014-08-20,7.320,7.330,7.300,7.220,28392694,206270192
2014-08-19,7.430,7.440,7.340,7.250,35518704,260374800
2014-08-18,7.340,7.430,7.430,7.290,44429784,327568256
2014-08-15,7.300,7.410,7.300,7.230,35027528,256608048
2014-08-14,7.190,7.470,7.280,7.110,61342464,446689600
2014-08-13,7.220,7.240,7.170,7.120,26072904,186996784
2014-08-12,7.210,7.230,7.210,7.150,30562258,219711648
2014-08-11,7.070,7.250,7.220,7.070,52500296,377872576
2014-08-08,7.070,7.110,7.070,7.010,28571656,201725824
2014-08-07,7.150,7.170,7.030,7.010,30378652,215284016
2014-08-06,7.140,7.210,7.130,7.110,28265652,201997216
2014-08-05,7.260,7.310,7.210,7.100,34189064,245884576
2014-08-04,7.150,7.260,7.240,7.140,45754456,329233088
2014-08-01,7.140,7.220,7.150,7.100,53221104,380968672
2014-07-31,7.040,7.150,7.140,7.010,52589436,370730368
2014-07-30,7.150,7.150,7.050,7.010,52510608,372061056
2014-07-29,7.150,7.220,7.150,7.110,43701152,312378272
2014-07-28,7.240,7.270,7.160,7.130,73759280,529806688
2014-07-25,7.140,7.200,7.170,7.050,28788512,205397344
2014-07-24,7.030,7.150,7.110,6.980,42774476,303600096
2014-07-23,6.860,7.040,7.020,6.860,47867544,333990720
2014-07-22,6.800,6.950,6.850,6.770,29005552,199441072
2014-07-21,6.860,6.960,6.830,6.790,25662836,175835200
2014-07-18,6.850,6.960,6.860,6.770,48199908,330882400
2014-07-17,6.780,6.960,6.830,6.730,69864040,479850944
2014-07-16,6.500,6.850,6.780,6.470,81064168,543504320
2014-07-15,6.530,6.590,6.510,6.450,40686736,264722512
2014-07-14,6.380,6.550,6.520,6.360,41053992,266356080
2014-07-11,6.300,6.390,6.370,6.280,17938784,114140976
2014-07-10,6.300,6.330,6.290,6.280,10043080,63366952
2014-07-09,6.350,6.360,6.290,6.280,17575204,111052592
2014-07-08,6.310,6.370,6.340,6.310,18534000,117437848
2014-07-07,6.380,6.380,6.320,6.310,20520896,130032512
2014-07-04,6.420,6.440,6.380,6.360,12238163,78085112
2014-07-03,6.400,6.440,6.410,6.370,15941327,102285936
2014-07-02,6.350,6.410,6.380,6.340,20606456,131546928
2014-07-01,6.340,6.360,6.340,6.310,12215172,77398232
2014-12-31,10.530,10.840,10.660,10.200,160153872,1693252224
2014-12-30,10.610,10.720,10.440,10.280,113438424,1187531136
2014-12-29,10.920,11.170,10.600,10.460,154461520,1678795520
2014-12-26,10.580,10.950,10.850,10.500,118260000,1270800896
2014-12-25,10.300,10.640,10.630,10.210,118813312,1243222784
2014-12-24,10.530,10.570,10.270,10.030,125429944,1285877760
2014-12-23,11.030,11.060,10.490,10.400,146293456,1585456768
2014-12-22,11.600,11.950,11.200,11.000,237587168,2706385408
2014-12-19,10.900,11.740,11.500,10.620,256509296,2878173696
2014-12-18,10.880,11.300,11.020,10.660,240134416,2636666112
2014-12-17,10.310,10.750,10.720,10.110,199450336,2071635712
2014-12-16,10.390,10.450,10.310,10.150,118736464,1220950912
2014-12-15,10.120,10.600,10.470,9.900,148734336,1517253504
2014-12-12,10.290,10.600,10.220,10.150,144962336,1500819840
2014-12-11,10.460,10.590,10.270,10.080,169427488,1748509312
2014-12-10,10.040,10.700,10.620,9.960,202499712,2089239424
2014-12-09,10.000,11.140,9.960,9.800,348798560,3648356096
2014-12-08,9.540,10.230,10.200,9.500,243516400,2407325952
2014-12-05,9.750,10.100,9.480,9.360,206788112,2002060032
2014-12-04,9.540,9.800,9.660,9.380,135620768,1296528768
2014-12-03,9.680,10.090,9.480,9.310,161579984,1564834816
2014-12-02,9.400,9.900,9.680,9.390,97070928,928415168
2014-12-01,9.590,9.800,9.470,9.420,87374984,838734848
2014-11-28,9.610,9.620,9.580,9.350,79171472,749697280
2014-11-27,9.700,9.760,9.620,9.500,70326344,675116736
2014-11-26,9.680,9.840,9.640,9.500,95666512,925374592
2014-11-25,9.450,9.850,9.710,9.420,100061312,966348928
2014-11-24,9.450,9.640,9.460,9.390,120768720,1146915584
2014-11-21,9.010,9.330,9.270,8.970,80095512,734092544
2014-11-20,9.000,9.060,9.000,8.920,78343648,703939712
2014-11-19,9.160,9.180,9.000,8.910,100344048,906670336
2014-11-18,9.800,9.800,9.220,9.150,217601680,2048812544
2014-11-17,9.690,9.860,9.620,9.240,344424960,3297570816
2014-11-14,8.760,9.090,9.060,8.550,81330624,716910080
2014-11-13,8.820,9.050,8.840,8.680,102403768,907016128
2014-11-12,8.440,8.800,8.780,8.430,106739448,924943360
2014-11-11,8.560,8.680,8.440,8.380,124379352,1059419456
2014-11-10,8.030,8.550,8.510,8.030,157269488,1318500992
2014-11-07,8.050,8.090,7.960,7.880,47081912,376633856
2014-11-06,8.030,8.080,8.000,7.910,32633712,260724432
2014-11-05,7.940,8.140,8.010,7.890,48209704,387302656
2014-11-04,8.070,8.090,7.970,7.870,65048272,517866784
2014-11-03,7.970,8.180,8.100,7.940,79579872,643224256
2014-10-31,8.000,8.030,7.980,7.840,60011712,476323712
2014-10-30,7.750,8.150,7.990,7.720,129604320,1034018304
2014-10-29,7.640,7.740,7.700,7.540,75511472,578299840
2014-10-28,7.400,7.610,7.610,7.360,42831392,320441504
2014-10-27,7.450,7.450,7.380,7.330,31403688,231737328
2014-10-24,7.470,7.560,7.480,7.460,27803018,208806192
2014-10-23,7.650,7.680,7.460,7.450,28783854,218071920
2014-10-22,7.640,7.690,7.630,7.580,20341328,155212880
2014-10-21,7.630,7.690,7.630,7.590,31220486,238699520
2014-10-20,7.590,7.680,7.620,7.540,34150648,260072944
2014-10-17,7.580,7.640,7.540,7.430,48136032,361426880
2014-10-16,7.520,7.850,7.580,7.500,76031392,582801024
2014-10-15,7.500,7.600,7.570,7.480,23065508,174064224
2014-10-14,7.500,7.600,7.550,7.450,53216364,400285984
2014-10-13,7.740,7.740,7.550,7.440,79227616,596396928
2014-10-10,7.880,7.940,7.800,7.750,32598612,254962048
2014-10-09,7.900,7.980,7.920,7.890,29388116,232721152
2014-10-08,7.760,8.030,7.930,7.710,58899172,464870432
2015-03-31,11.450,11.470,11.030,11.000,230416000,2584732672
2015-03-30,10.950,11.420,11.400,10.860,282086048,3155297280
2015-03-27,10.950,10.970,10.870,10.730,120600232,1309054976
2015-03-26,10.850,11.050,10.940,10.750,141477808,1543825152
2015-03-25,11.180,11.180,10.910,10.830,136968928,1500937216
2015-03-24,11.070,11.240,11.220,10.870,195438032,2167501312
2015-03-23,11.020,11.230,11.060,10.940,168438304,1868175232
2015-03-20,11.030,11.050,10.930,10.800,116548416,1270885248
2015-03-19,11.150,11.350,11.030,10.960,142225216,1580362240
2015-03-18,10.960,11.200,11.160,10.850,158576560,1747462016
2015-03-17,10.750,11.140,10.940,10.650,156779584,1711276800
2015-03-16,10.620,10.760,10.720,10.480,113026704,1204227328
2015-03-13,10.390,10.690,10.520,10.370,112032360,1178358784
2015-03-12,10.230,10.410,10.380,10.190,93379080,964475392
2015-03-11,10.140,10.390,10.230,10.100,90623808,930523968
2015-03-10,10.260,10.280,10.180,10.090,84232424,856245888
2015-03-09,10.160,10.320,10.290,10.000,95418872,967430784
2015-03-06,10.140,10.320,10.210,10.090,66785224,681575616
2015-03-05,10.200,10.310,10.130,10.020,81176368,824944064
2015-03-04,10.340,10.380,10.270,10.140,87855144,899390080
2015-03-03,10.490,10.590,10.260,10.250,93557560,971796928
2015-03-02,10.700,10.800,10.560,10.470,87860576,928117312
2015-02-27,10.650,10.800,10.670,10.580,66238568,708526976
2015-02-26,10.300,10.710,10.650,10.250,100139784,1056830720
2015-02-25,10.640,10.640,10.250,10.180,71306752,742218880
2015-02-17,10.500,10.590,10.540,10.470,48616264,511778112
2015-02-16,10.480,10.530,10.500,10.360,50467488,527358784
2015-02-13,10.490,10.580,10.460,10.360,70313832,735753280
2015-02-12,10.400,10.570,10.490,10.340,59188456,620640128
2015-02-11,10.140,10.410,10.350,10.080,77285968,793683584
2015-02-10,9.730,10.160,10.150,9.730,106999480,1072244224
2015-02-09,9.710,9.890,9.710,9.630,110279808,1077540224
2015-02-06,10.180,10.300,9.750,9.700,113990496,1139415424
2015-02-05,10.550,10.710,10.220,10.200,134068728,1404965888
2015-02-04,10.480,10.560,10.390,10.330,73706928,769913664
2015-02-03,10.430,10.480,10.410,10.200,92891168,958957440
2015-02-02,10.700,10.700,10.270,10.200,141060496,1467734400
2015-01-30,11.030,11.080,10.620,10.550,139460016,1501910144
2015-01-29,10.350,11.290,11.090,10.340,281261408,3076944640
2015-01-28,10.380,10.700,10.560,10.270,121960464,1276655872
2015-01-27,10.770,10.770,10.480,10.320,144275200,1516835072
2015-01-26,10.800,10.820,10.790,10.520,81965680,875752192
2015-01-23,10.950,10.960,10.790,10.640,105740832,1144521984
2015-01-22,11.000,11.050,10.820,10.710,97823704,1060073920
2015-01-21,10.490,11.060,10.990,10.350,173629472,1859184000
2015-01-20,10.550,10.580,10.430,10.100,184233776,1906605568
2015-01-19,10.800,11.000,10.310,10.310,170745648,1814340224
2015-01-16,11.400,11.710,11.460,11.350,161218496,1854760320
2015-01-15,11.090,11.370,11.360,10.930,130712424,1456735616
2015-01-14,11.250,11.310,11.090,11.030,92455232,1032820992
2015-01-13,11.230,11.350,11.260,11.060,74495168,834998784
2015-01-12,11.330,11.620,11.180,10.980,143153648,1610685440
2015-01-09,11.690,11.930,11.320,11.290,212126368,2458800896
2015-01-08,11.850,12.130,11.740,11.520,247986848,2944691968
2015-01-07,11.840,11.990,11.810,11.590,309010688,3632787712
2015-01-06,11.100,12.320,12.180,10.950,541141056,6513091584
2015-01-05,11.000,11.430,11.200,10.990,265061888,2959629568
2015-06-30,13.350,14.180,14.040,12.210,507177760,6729090560
2015-06-29,12.900,13.650,13.190,11.960,510861056,6668321280
2015-06-26,12.750,13.480,12.480,12.000,344090496,4412087296
2015-06-25,13.700,14.210,13.150,13.010,347553824,4778419200
2015-06-24,12.900,13.920,13.880,12.680,314699296,4186980096
2015-06-23,12.250,12.930,12.870,11.630,195535648,2412635648
2015-06-19,13.520,13.520,12.410,12.410,217228704,2831216640
2015-06-18,13.650,15.150,14.270,13.590,382248480,5483390976
2015-06-17,13.230,13.800,13.770,12.980,175535584,2351942144
2015-06-16,13.600,13.740,13.280,13.100,198520624,2665495296
2015-06-15,14.010,14.280,13.810,13.660,321274624,4488664064
2015-06-12,13.680,14.130,13.930,13.650,301034368,4183965952
2015-06-11,13.450,13.670,13.650,13.350,183147312,2476229632
2015-06-10,13.310,13.740,13.480,13.170,218796528,2952290048
2015-06-09,13.980,13.980,13.570,13.430,236458480,3236471808
2015-06-08,13.740,14.120,13.980,13.530,390077568,5409100800
2015-06-05,13.350,13.600,13.590,13.010,297757120,3971103488
2015-06-04,12.900,13.120,13.070,12.200,261761760,3341466112
2015-06-03,12.930,13.050,12.900,12.730,212958448,2740882944
2015-06-02,12.900,13.200,13.030,12.700,191445024,2480657920
2015-06-01,12.250,12.990,12.910,12.100,204361824,2582821120
2015-05-29,12.510,12.640,12.180,12.000,214479968,2634745088
2015-05-28,13.670,13.850,12.470,12.400,290300736,3862215680
2015-05-27,13.810,14.030,13.660,13.460,238797408,3289844992
2015-05-26,13.790,14.010,13.780,13.360,239527312,3270601984
2015-05-25,13.280,13.870,13.690,13.200,252762720,3452354048
2015-05-22,12.710,13.240,13.150,12.650,220887808,2864400896
2015-05-21,12.590,12.650,12.610,12.390,148971216,1865381888
2015-05-20,12.570,12.810,12.570,12.480,172705792,2183580160
2015-05-19,12.200,12.590,12.540,12.150,192844720,2391396096
2015-05-18,12.290,12.430,12.140,12.100,97224656,1192439424
2015-05-15,12.460,12.640,12.310,12.200,127439064,1581230080
2015-05-14,12.580,12.680,12.460,12.340,115992552,1445781376
2015-05-13,12.850,13.150,12.590,12.460,162735744,2082654848
2015-05-12,12.600,13.050,12.920,12.530,184458224,2355868672
2015-05-11,12.400,12.700,12.690,12.210,209711424,2612737024
2015-05-08,12.510,12.620,12.420,11.920,160142096,1971021184
2015-05-07,12.210,12.620,12.380,12.160,147103984,1828032128
2015-05-06,13.020,13.160,12.360,12.150,204829696,2607998976
2015-05-05,14.020,14.030,12.890,12.670,263625840,3518873600
2015-05-04,13.830,14.310,14.080,13.780,187783312,2639685632
2015-04-30,13.820,14.560,13.970,13.610,227485984,3194455040
2015-04-29,14.000,14.180,13.820,13.400,203023440,2793156864
2015-04-28,14.300,14.720,14.110,13.870,303511328,4341087232
2015-04-27,13.300,14.500,14.320,13.300,341690880,4777063936
2015-04-24,13.410,13.690,13.380,13.000,231942528,3084288000
2015-04-23,13.900,14.080,13.690,13.500,204933056,2822170624
2015-04-22,13.600,14.110,13.900,13.460,235134560,3250356480
2015-04-21,13.800,14.190,13.590,13.320,259527648,3535089920
2015-04-20,13.380,14.600,13.790,13.000,428849504,5872458240
2015-04-17,13.130,13.770,13.370,12.950,356310304,4776670720
2015-04-16,12.470,13.000,12.870,12.320,242530320,3087877888
2015-04-15,12.300,13.260,12.660,12.100,333209056,4186008832
2015-04-14,12.260,12.600,12.260,12.080,296178080,3635568896
2015-04-13,11.730,12.770,12.480,11.600,499367296,6153729536
2015-04-10,11.200,11.670,11.610,11.150,290461440,3326112256
2015-04-09,11.330,11.370,11.160,11.040,224818768,2511358720
2015-04-08,11.510,11.530,11.310,11.150,207200976,2340743936
2015-04-07,11.180,11.670,11.480,11.150,243920928,2785118208
2015-04-03,10.960,11.250,11.180,10.910,186190240,2069587200
2015-04-02,11.150,11.170,11.010,10.910,139608320,1536917376
2015-04-01,11.000,11.150,11.110,10.930,159250544,1757690496
2015-09-30,8.880,8.950,8.830,8.800,23695166,209854368
2015-09-29,8.980,9.000,8.820,8.720,24876964,220201632
2015-09-28,9.050,9.140,9.070,8.980,22495012,203576144
2015-09-25,9.030,9.140,9.090,8.900,35598264,321593536
2015-09-24,9.120,9.140,9.050,8.980,24253616,219595936
2015-09-23,9.220,9.230,9.060,9.030,34628360,315225600
2015-09-22,9.290,9.390,9.310,9.240,30449418,283725504
2015-09-21,9.190,9.300,9.290,9.130,32311900,298897696
2015-09-18,9.340,9.390,9.200,9.160,43259788,399483936
2015-09-17,9.650,9.800,9.320,9.300,66266000,631351104
2015-09-16,9.350,10.040,9.750,9.240,63001912,605574080
2015-09-15,9.390,9.470,9.430,9.100,65073292,607106112
2015-09-14,9.250,9.710,9.680,8.870,119472232,1110070528
2015-09-11,9.450,9.490,9.300,9.180,39231280,365663136
2015-09-10,9.470,9.550,9.510,9.300,46575764,439351488
2015-09-09,9.580,9.670,9.560,9.470,66363404,634284608
2015-09-08,9.290,9.590,9.520,9.120,44353304,415902944
2015-09-07,9.700,9.940,9.190,9.090,107752008,1020880128
2015-09-02,9.750,9.990,9.770,9.440,111465016,1087887872
2015-09-01,9.750,10.200,10.190,9.330,201769024,2008440448
2015-08-31,9.250,10.100,10.070,9.010,114757440,1087777664
2015-08-28,9.300,9.500,9.420,9.200,104289200,973738624
2015-08-27,8.600,9.170,9.120,8.370,119441888,1041767168
2015-08-26,8.240,8.800,8.390,8.100,131596448,1102345728
2015-08-25,8.250,8.850,8.090,7.880,160473408,1331724544
2015-08-24,9.300,9.490,8.690,8.660,158467344,1393647360
2015-08-21,9.920,10.170,9.620,9.500,64704496,632212032
2015-08-20,10.300,10.400,10.080,10.030,52792848,539825280
2015-08-19,10.300,10.510,10.440,10.000,71719448,736515264
2015-08-18,10.930,11.090,10.210,10.100,115029992,1229588352
2015-08-17,10.890,11.280,11.020,10.510,98224376,1069952128
2015-08-14,10.990,11.030,10.900,10.700,75667800,820841216
2015-08-13,10.730,11.200,10.980,10.610,105893712,1160305664
2015-08-12,10.680,10.840,10.550,10.540,63080996,674578432
2015-08-11,10.860,11.020,10.800,10.770,82133296,892462592
2015-08-10,10.640,11.130,10.920,10.500,120962824,1317790208
2015-08-07,10.630,10.650,10.590,10.250,62550736,661119808
2015-08-06,10.130,10.580,10.480,10.060,58577372,608688832
2015-08-05,10.660,10.730,10.310,10.300,77851032,818650432
2015-08-04,10.490,10.700,10.690,10.400,79524456,840402624
2015-08-03,10.010,10.550,10.500,9.880,156538384,1603815296
2015-07-31,10.100,10.380,10.220,9.960,138223024,1406827648
2015-07-30,9.990,10.350,9.840,9.810,114820880,1164892160
2015-07-29,9.690,10.200,10.120,9.570,121435920,1192924032
2015-07-28,9.690,10.010,9.500,9.160,197153344,1890674304
2015-07-27,10.790,10.910,9.890,9.890,185585264,1936167040
2015-07-24,11.360,11.430,10.990,10.950,149767120,1683457280
2015-07-23,11.220,11.600,11.440,11.160,141279600,1610055680
2015-07-22,11.600,11.680,11.360,11.160,139343424,1584168576
2015-07-21,11.180,11.850,11.750,11.100,162364320,1878869248
2015-07-20,11.450,11.550,11.310,11.010,137110368,1546701056
2015-07-17,11.350,11.680,11.500,11.140,137082080,1569138816
2015-07-16,11.320,11.510,11.140,10.880,110944112,1246532608
2015-07-15,11.220,11.520,11.320,10.520,178528800,1982413568
2015-07-14,11.750,11.990,11.320,11.300,235956896,2737148928
2015-07-13,11.880,12.650,12.120,11.680,281492448,3418133760
2015-07-10,11.100,12.200,12.130,11.000,304345920,3627945216
2015-07-09,10.080,11.090,11.090,9.580,328969216,3467151360
2015-07-08,10.000,11.000,10.080,9.980,574558464,5933682688
2015-07-07,11.000,11.380,11.090,10.230,485141664,5323592704
2015-07-06,11.700,11.800,11.370,10.780,476674336,5396802048
2015-07-03,11.300,11.690,10.820,10.820,418012992,4600135680
2015-07-02,13.010,13.290,12.020,12.020,419364608,5239939072
2015-07-01,13.680,14.580,13.350,13.300,453377344,6311713280
2015-12-31,8.710,8.740,8.620,8.610,44535496,386387689
2015-12-30,8.690,8.750,8.740,8.600,50708874,439902837
2015-12-29,8.700,8.720,8.720,8.590,65709031,568474067
2015-12-28,9.030,9.040,8.690,8.680,88666311,784759495
2015-12-25,9.020,9.040,9.020,8.900,27276373,245403258
2015-12-24,9.090,9.160,9.000,8.890,60664336,544616512
2015-12-23,9.200,9.240,9.090,9.080,69397992,635079808
2015-12-22,9.230,9.370,9.170,9.100,67755463,623580282
2015-12-21,8.780,9.370,9.150,8.760,142681888,1307881472
2015-12-18,8.780,8.900,8.780,8.750,47376432,418244512
2015-12-17,8.710,8.860,8.780,8.710,53660192,471640960
2015-12-16,8.730,8.740,8.650,8.640,23817410,207048048
2015-12-15,8.760,8.790,8.680,8.670,23976364,209089168
2015-12-14,8.500,8.800,8.770,8.480,37491812,324823520
2015-12-11,8.720,8.730,8.590,8.540,40571704,349595136
2015-12-10,8.830,8.900,8.740,8.730,35642652,313702848
2015-12-09,8.760,8.990,8.920,8.720,34748348,306126570
2015-12-08,8.890,8.890,8.800,8.740,31624304,278383168
2015-12-07,8.930,9.040,8.950,8.840,33737478,302050360
2015-12-04,9.050,9.060,8.890,8.880,42193856,378274720
2015-12-03,9.160,9.160,9.090,9.020,60462822,549061967
2015-12-02,8.840,9.210,9.140,8.770,87368304,792450048
2015-12-01,8.750,8.950,8.850,8.650,58303132,511016256
2015-11-30,8.820,8.830,8.680,8.520,59366448,516066848
2015-11-27,9.090,9.100,8.820,8.700,76861248,685230400
2015-11-26,9.270,9.300,9.110,9.050,72701504,667431040
2015-11-25,9.260,9.290,9.250,9.190,49649424,458458912
2015-11-24,9.250,9.270,9.200,9.130,29519496,271175520
2015-11-23,9.350,9.380,9.260,9.230,38074416,354704736
2015-11-20,9.380,9.400,9.360,9.340,39452864,369625024
2015-11-19,9.360,9.390,9.380,9.280,41130336,383951904
2015-11-18,9.490,9.520,9.350,9.320,38050720,357473504
2015-11-17,9.460,9.640,9.470,9.450,72867440,694888640
2015-11-16,9.380,9.450,9.440,9.270,54287880,506966816
2015-11-13,9.430,9.600,9.430,9.380,38724648,367001792
2015-11-12,9.670,9.680,9.480,9.410,57086752,543363008
2015-11-11,9.730,9.750,9.640,9.580,52738424,508249088
2015-11-10,9.710,9.820,9.750,9.620,76617440,743724096
2015-11-09,9.550,10.010,9.860,9.510,134804048,1324080256
2015-11-06,9.380,9.480,9.460,9.320,82381712,773047296
2015-11-05,9.190,9.710,9.410,9.140,157175792,1480519808
2015-11-04,8.880,9.190,9.180,8.880,61327152,556368064
2015-11-03,9.020,9.060,8.890,8.870,32481708,290812864
2015-11-02,9.090,9.130,9.030,9.000,28872184,261806720
2015-10-30,9.230,9.230,9.130,9.110,54471296,498499328
2015-10-29,9.220,9.330,9.240,9.170,51053784,473426304
2015-10-28,9.280,9.310,9.190,9.170,38436472,355689696
2015-10-27,9.310,9.310,9.250,9.140,37502472,345832896
2015-10-26,9.310,9.400,9.330,9.230,66892912,623514816
2015-10-23,9.240,9.280,9.220,9.110,47655136,439217216
2015-10-22,9.170,9.250,9.220,9.100,48313480,443707776
2015-10-21,9.280,9.400,9.320,8.900,108969544,1005760896
2015-10-20,9.280,9.360,9.300,9.140,54305036,499894240
2015-10-19,9.410,9.440,9.280,9.230,58372572,543602368
2015-10-16,9.350,9.460,9.390,9.260,60909148,570711680
2015-10-15,9.180,9.300,9.300,9.110,49589192,457172800
2015-10-14,9.210,9.310,9.150,9.140,33581388,310002976
2015-10-13,9.280,9.330,9.280,9.200,40959404,379670624
2015-10-12,9.080,9.460,9.350,9.020,79170320,731986944
2015-10-09,9.080,9.150,9.080,9.010,41666772,378493568
2015-10-08,9.100,9.180,9.020,8.960,42340484,383945792
2016-03-04,6.800,6.980,6.960,6.750,150297367,1034468988
2016-03-03,6.770,6.860,6.800,6.750,72136058,490567368
2016-03-02,6.570,6.810,6.790,6.550,82528812,553194577
2016-03-01,6.520,6.630,6.570,6.440,45631737,297606345
2016-02-29,6.700,6.700,6.490,6.410,68565621,446878900
2016-02-26,6.630,6.710,6.690,6.580,49580414,329041717
2016-02-25,7.000,7.000,6.580,6.530,88157205,596098025
2016-02-24,6.850,7.030,7.020,6.830,67697837,469386902
2016-02-23,6.940,6.960,6.880,6.820,52342596,360285838
2016-02-22,6.870,6.990,6.960,6.840,76699201,530397697
2016-02-19,6.850,6.870,6.830,6.790,34463998,235245002
2016-02-18,6.920,6.940,6.850,6.840,48665949,335111290
2016-02-17,6.850,6.930,6.890,6.820,58285672,400692387
2016-02-16,6.690,6.870,6.860,6.690,63274731,430413582
2016-02-15,6.550,6.740,6.670,6.550,36239232,240351837
2016-02-05,6.720,6.800,6.720,6.680,59592521,401355986
2016-02-04,6.650,6.790,6.760,6.570,115236475,769458704
2016-02-03,6.690,6.740,6.720,6.620,54416133,362927332
2016-02-02,6.650,6.800,6.760,6.640,62774606,423143391
2016-02-01,6.800,6.810,6.650,6.610,76941791,516371013
2016-01-29,6.700,6.850,6.810,6.690,83433209,566633286
2016-01-28,6.900,6.930,6.710,6.670,60164533,409799171
2016-01-27,7.010,7.030,6.960,6.800,60989979,422654817
2016-01-26,7.340,7.350,6.960,6.950,89602289,638325856
2016-01-25,7.440,7.460,7.400,7.350,30023331,222447140
2016-01-22,7.390,7.430,7.390,7.270,35155498,258597403
2016-01-21,7.380,7.490,7.300,7.300,36751541,271244555
2016-01-20,7.590,7.620,7.440,7.400,57001771,427670045
2016-01-19,7.370,7.700,7.630,7.340,66147256,499758664
2016-01-18,7.310,7.460,7.350,7.280,34707812,255833406
2016-01-15,7.590,7.610,7.350,7.320,61879975,460920988
2016-01-14,7.460,7.650,7.620,7.390,51501227,387658073
2016-01-13,7.730,7.750,7.500,7.490,43479035,333009657
2016-01-12,7.740,7.770,7.650,7.620,52780237,406010678
2016-01-11,8.100,8.170,7.640,7.620,105183825,832561251
2016-01-08,8.230,8.320,8.220,8.030,62841656,516088558
2016-01-07,8.400,8.410,8.030,8.010,15358283,126337224
2016-01-06,8.290,8.530,8.490,8.270,60749173,512260250
2016-01-05,8.200,8.460,8.280,8.110,63598353,525904021
2016-01-04,8.620,8.640,8.350,8.320,48666157,412499549
